year,rhum_P1000,rhum_P300,rhum_P500,rhum_P850,shum_P1000,shum_P300,shum_P500,shum_P850,temp_P1000,temp_P300,temp_P500,temp_P850,uwnd_P1000,uwnd_P300,uwnd_P500,uwnd_P850,vvel_P1000,vvel_P300,vvel_P500,vvel_P850,vwnd_P1000,vwnd_P300,vwnd_P500,vwnd_P850,zpt_P1000,zpt_P300,zpt_P500,zpt_P850,hwds
1940,55.23438387771739,40.79532516546195,31.904705845759963,68.94333827912138,0.0132079734287137,0.0001978393681981,0.0011374678560826,0.0100078081675407,28.44850802536234,-35.859569175724616,-9.644452355072442,17.33634999547104,0.1289771809181612,26.15260275932971,15.297995852595562,4.366563819439448,-0.0317460592463405,0.0280047465358808,0.1250087246447418,-0.1065014789090126,0.7149054485417301,3.521042857396739,-1.0617916841147192,1.6649203097607337,415.42866167044383,93299.62310235508,56584.33686775363,14298.762323822464,3
1941,53.85996288405797,30.42217976535326,28.55732687391304,68.10173258922102,0.0131050205920742,0.0001084039260973,0.0010278036364465,0.0103547654380887,28.933833260869587,-36.69385331974635,-10.002234116847802,17.97204971014495,0.031463733248596,23.681979676897644,14.881649407057338,3.678841911095426,-0.0237373476315778,0.1084809716647975,0.1096327234280797,-0.0615824477850951,0.6482781677308062,2.104966981234329,-0.5420891590964311,1.7183824069902265,472.6675499694294,93256.26992753622,56661.03810235507,14380.615275815217,0
1942,44.83283187137681,28.583910879175725,25.875619881617755,65.36945000769929,0.0123393810052083,0.0001352804300851,0.0010422882352038,0.0105640805519021,31.160649673913067,-35.56979522192027,-8.868339470108673,18.972950027173937,0.1378832262798913,19.152543112980077,11.754016043769926,2.7881216545354937,-0.0345849852738278,0.0630942289977717,0.0933236454552038,-0.0547563340697644,0.6283799317756794,0.7907506340179801,-0.7385179804504529,1.9459758709798465,378.145056786173,93547.69222826089,56779.64027717391,14368.52398460145,13
1943,67.42980649637681,34.97944232155797,30.131884363541666,80.16772193161232,0.0145527039319746,0.0001475994600667,0.0011380352472427,0.0114295820723279,26.33878354166669,-36.31510144927534,-9.068701127717368,16.883745307971036,-2.10192218906875,18.13226489533424,12.308065832694746,2.0358182962985056,-0.0272152596615466,0.0807186139519882,0.0867966500323962,-0.0458843397621286,-0.0533918856167572,3.0470485409416668,-1.1549110414873234,3.134024799291132,467.4606720802083,93367.59963768117,56637.27128442029,14292.738543025363,0
1944,43.59097288052536,35.60628463825634,27.011602622261325,59.99864032291666,0.0116939669052083,0.000139048277641,0.0009826432932586,0.0095573386527173,30.69341484601452,-36.36741843297099,-9.268863328804326,18.589052943840603,0.3919235449685054,22.149715591273548,13.454495870211955,3.195617289744701,-0.0212685543422404,0.0783722193108197,0.1043251112770516,-0.0371587278300271,0.313811150651019,-0.0091081636968025,-1.1859569274346922,2.264351996397237,462.76433729530976,93483.37282608695,56745.87305797101,14422.557627264492,0
1945,40.44540328256341,20.325205365244564,23.420038607880432,58.65837998713768,0.0108460525031521,7.870777599139492e-05,0.0007868107107789,0.0092517208607971,30.941734211956543,-35.53597311141302,-9.580440063405774,18.677588125000025,0.0246978451425815,23.37841715427989,15.258970114959691,2.880457832664538,-0.0297949487229601,0.1133674608868052,0.1268551763849184,-0.0457447990580706,0.612772678925317,1.487174335334239,-1.5951994175052535,2.338703100719067,419.70186385176174,93390.73318387682,56680.03436503624,14386.746663043476,11
1946,50.23235787128623,28.053869487939316,27.145964397531703,61.81010987182972,0.0125541327335144,0.0001492059006471,0.0011331293818876,0.0095841013243659,29.66188706068843,-33.529198926630414,-8.07031510869563,18.31982084692031,0.2141304559927355,21.525517069837864,12.70352652364538,2.790634540557926,-0.0342930158086639,0.0819478623857744,0.096268422211105,-0.0501510164776041,0.7517105324800725,2.1304881832244567,-1.5215233499727807,1.840585458297038,465.8693267926857,93831.15266304348,56801.449897644925,14395.392841485507,0
1947,44.95124128686594,34.969293667889495,24.886045628858696,61.538522559465584,0.0125846743177083,0.0001924582987961,0.001068839667403,0.0101433227417119,31.540897640398573,-33.507313215579686,-7.463523677536209,19.533470919384083,-0.0177430408431521,21.54891384967821,13.068631991307972,3.0987030814232788,-0.0341263612107379,0.0472865760949778,0.0861325955935067,-0.0436862448339289,0.5711109327737998,3.606640516264176,-1.1280726562891032,2.002007303955299,374.7683380841576,93980.84652626811,56888.59580163044,14385.231741847829,15
1948,51.271098619384055,42.898268727101446,31.82635833460145,67.61788012952898,0.012509745125,0.0002074611541462,0.0012734371501231,0.0107187113783061,29.32603223278988,-35.62953995471012,-8.821163034420268,18.427747667572486,-0.4703242534397645,17.715165338604166,12.482473225250724,2.3470540237291213,-0.0335415861163858,0.0341745389736381,0.0673991493353034,-0.1011468055256567,0.5210166593995471,1.5295145851363223,-1.0808083895219205,2.247277082557156,406.4629868456703,93519.18776268116,56700.0593125,14337.21699456522,0
1949,71.76423381567028,52.76268991462862,41.59848332588315,82.26116147690217,0.0157997845153985,0.0003215730935738,0.0018892482747613,0.0119108829602355,26.56814765851452,-33.96966120471012,-7.531536240942006,17.00548217844205,-0.8181346401908062,13.02623926714923,7.430013844399004,0.6794332433588769,-0.0290545519059372,0.0044439771570108,-0.0033270344956793,-0.0711399643684542,0.7855913462511005,3.2670520852441123,-0.2908544126548007,1.8866302375471604,538.9003553156159,93900.70985507248,56859.105899456525,14379.4417807971,0
1950,55.28505952853261,36.85819060969202,32.58702965330616,68.27552426213768,0.013441109302355,0.0001801339153351,0.0012368503343704,0.0102531079826086,28.798108537137704,-33.891520810688384,-8.55377403079708,17.921304433876834,0.3715532272949954,21.648055024121376,13.386541894972826,4.3013199543616265,-0.0291731392084239,0.0394680016474175,0.0833236204107608,-0.0649014382447787,0.6201961910492301,6.464871615856038,0.9370813769791668,1.815115885623039,426.7153826606884,93680.2540942029,56728.79038134058,14334.127389945652,0
1951,50.46959077264493,42.9498010696558,33.27469566897645,67.76249585371377,0.0127759843886775,0.0002070260115158,0.0012695995118115,0.0101580606372282,29.375962803442054,-35.319229972826065,-9.122796757246354,17.749824207427558,0.9047671331592392,23.88066190063406,14.91992358005299,4.93933017797568,-0.0288220903346772,0.0566482923786186,0.1481130088714764,-0.109915035274418,0.6594004982101586,5.02738118283279,0.4883067948820652,1.5403301953968978,430.6349612513587,93487.3843432971,56669.11080525363,14347.015432971017,0
1952,63.9048676875,54.24195520575181,43.241001459270834,76.4013165942029,0.0145527300195652,0.000306853980798,0.0017687406478088,0.0108983192269927,27.172966086956546,-34.990888455615924,-8.79925403985505,16.81085490942031,-0.5067540602265399,13.98945237233922,10.216535107263224,1.9532943402383152,-0.0245798601547418,0.0509088316104008,0.0468699829258152,-0.0417140080325588,0.5194249351250815,6.523851262328714,1.5989920538384057,1.612066573556893,505.9346171417238,93555.90698369563,56678.39003532608,14352.223282608697,0
1953,72.41120508469203,57.67366421644022,39.64527580140398,77.1347216875,0.0156298395932971,0.0002895892521816,0.001593334750783,0.0111668448924818,26.30933966938408,-35.38823987771737,-8.422059166666644,17.35682559782611,-0.8359319173628623,11.768948923839991,10.44503901181567,2.699612816859013,-0.0288228642770869,0.0111734591138858,0.0408984783258333,-0.0663496512180797,0.7523330471152626,6.810506859709511,1.0818514045067662,1.2840319089013044,469.0402938379756,93558.15775362318,56693.74543206522,14305.626710597826,0
1954,41.49040071757246,33.61072487894022,28.256132816666668,58.99274784805253,0.0114160678253623,0.0001616479122201,0.0011357907566521,0.0097813776939311,31.653268451086976,-35.29968550724636,-8.336287133152151,19.65489989130437,0.3298491888301177,22.33322398517029,15.278055378319747,3.135627362459556,-0.0310935283091698,0.0824436312227133,0.1023003053958904,-0.1517427760367753,0.4589701110291698,3.121358959995154,-1.1255212888903532,1.7634552114407336,315.4645717063116,93674.9632201087,56814.133082427536,14326.11872509058,17
1955,35.77777444429348,35.561347982155795,25.20248713428442,50.67466217943841,0.0102977541206974,0.0001471323672074,0.0008813148911403,0.0085528663635869,32.550227182971035,-36.05096466938404,-9.306346236413022,20.138658414855097,0.5099022376223279,23.53154256358696,17.028989715326087,3.8850136342546193,-0.032651614479221,0.1219409858801559,0.1544448256631762,-0.0922992853680072,0.540909365554529,2.4615841220294383,-1.0939467067700634,1.9946443854690672,273.99958288181614,93454.72088768116,56717.02879619566,14307.617804347828,19
1956,43.851218423958336,31.794088260548914,30.726619961413043,61.10424196195652,0.0122503247745018,0.000190042823887,0.0014107593515982,0.0103891751643115,31.76682821557973,-33.83237953351447,-7.533793740942007,19.91000782608698,0.1242019008122735,19.17960672127808,11.897649682351222,2.8048507557733244,-0.0302775217240697,0.0531272955469157,0.102698619934538,-0.1008115438085145,0.3794657936581069,-0.6454708848773099,-2.102698180232246,2.3166518302040764,207.2567404483288,93815.89572916667,56804.07998550725,14231.27724728261,13
1957,23.07930040375906,35.95095007486413,26.60246629288949,37.8536758423913,0.0075359626497735,0.0001414957382343,0.0009581206551358,0.0068142422789402,34.592132418478286,-36.57141231431157,-9.553743337862295,21.217337798913068,2.4175378549548325,27.315775994044383,17.952719534216484,6.081970161688406,-0.0292550826386408,0.1103214941230629,0.1270190426273482,-0.1419848842033457,0.1780768133293854,-0.9636923809221016,-2.296993587630616,1.2888090708218296,260.87807296650817,93396.84191123188,56732.82345199275,14352.970778985507,50
1958,45.9702689169837,26.490743208242755,23.329663194882247,60.610081811594206,0.0127359920108242,0.0001372628147687,0.0009277935637336,0.0104022496780344,31.550374814311617,-33.77249572916664,-8.079224705615921,20.025560394021763,-0.0534578415839221,25.430240500486413,15.801912606668932,4.17987934236499,-0.0298401376473405,0.0595029575574456,0.1383276538714809,-0.1836259985050511,0.5392617491314177,2.817205953412006,-1.029048314965761,2.790830361106576,340.51203535668026,93877.22765851449,56893.52120199275,14362.638850543475,3
1959,49.95929638836051,27.910578333197464,22.1920209077808,64.45983173233697,0.0128372778139492,0.0001491555421259,0.0009429152273528,0.0102194734742753,29.98630575634061,-34.14929691123186,-7.79333859601447,18.79563677083336,-0.2294146776784873,26.687894509375,16.03690100878306,3.2676786866574727,-0.0320105379904017,0.1280760592051132,0.119470302744375,-0.1293933875413722,0.4646202855017029,-2.3666241442960145,-2.8949648563466037,2.3856388592443545,346.0202697958243,93775.4810643116,56786.14766213768,14298.616149456522,8
1960,31.5618934209692,32.43971998514493,26.607935301449277,49.77932687907609,0.0093227132027626,0.0001656866821967,0.0010589188675516,0.0082222438573822,33.45340537590582,-34.44867854619563,-8.424226897644905,20.3589568206522,2.124551634295471,25.593867935995014,15.650308482141304,4.82876332023057,-0.0281279916266259,0.0977525779914212,0.1171362572569746,-0.1710862420074683,0.6428891609300543,1.4106620548611866,-1.66431128469923,1.4782283631262,222.9171315177808,93655.02080163044,56747.66342572463,14282.492043478262,36
1961,43.6196953932971,33.39424805825634,23.90245845914855,61.725407115942026,0.0120394147746829,0.0001599038595457,0.0010291204984384,0.0100790481971467,31.33672399909423,-34.35696840126809,-7.643195185688382,19.331972092391325,0.8398811237504755,25.619839095516305,18.004290056904438,4.509247438387228,-0.0326651663242155,0.1030958805261866,0.151168726524615,-0.1689395765528935,0.6126199794654438,0.2137172542106884,-2.5662207083944746,2.269718611679212,267.2499007545018,93759.98719655797,56761.519243659415,14265.080271739129,12
1962,42.95501833740942,34.743435473134056,28.286128483482788,60.27641193070653,0.0114715822394474,0.0001573271860185,0.0010558952828994,0.0096528684535326,30.86317793478263,-34.60058201086954,-8.742595557065195,18.954245104166688,1.034749019501943,28.81900434163949,16.586287003624093,4.646138902618841,-0.0322568900245951,0.0792931680748822,0.126064618331884,-0.1278865444656431,0.4429294754213768,2.278053281675906,-1.370407659485444,2.10854173763202,332.54649822994566,93580.66567934782,56698.24908242754,14307.275990036233,10
1963,47.69548629904891,34.05737884294837,33.044000357201085,61.52015900679348,0.011864508494384,0.0001492779424325,0.001207446126091,0.009423922071105,29.71213343297104,-35.51882708786229,-9.377085801630413,18.22994888586959,0.4350331071945856,21.8160126574692,13.370837055670744,3.566088581755118,-0.0290299325789379,0.04552471470412,0.0494350939698324,-0.0398474984142391,0.5202405072499321,0.563293234127038,-1.0632389455166666,1.653298750906653,398.5507864833786,93373.08511775362,56606.196520833335,14326.529745923914,9
1964,45.4457862317029,22.7006686728442,20.13088633665308,60.24964216576087,0.0121837008708333,0.0001061270243299,0.0008027107496485,0.0099327905840579,31.214185910326112,-33.9861489311594,-8.072204406702877,19.56729359148553,0.2437836459251359,23.89114771950308,14.936101777248188,3.566744433056024,-0.0340051616468831,0.0958372578608876,0.1039452206951992,-0.0887602481845457,0.6298751819558966,-1.2801458336646288,-2.822737432404117,2.361603280071332,335.2291390673936,93769.66880434782,56809.49704347826,14333.37041847826,11
1965,43.785547690896735,26.98693276567029,25.776919193999092,61.7387859044384,0.0119107122085144,0.0001325439023421,0.0010053691901449,0.0096592105625905,30.627921875000023,-34.27501170289853,-8.888308971920267,18.37714167119568,0.7731845697413043,27.38731014669384,15.980306702038044,4.3935214076435685,-0.0332275957060643,0.0933533372067029,0.1448321791543252,-0.1071589132864085,0.8005097984573369,2.159189423273098,-1.4267552110688406,1.887531448030888,365.6672144139932,93557.82936141304,56678.72699547101,14322.513398097826,7
1966,36.60592944144022,26.92159479481884,17.397535618491847,52.74284832495472,0.0107024121717844,0.0001341674393109,0.0007191613787078,0.0091347612856884,32.476222110507265,-33.904339605978244,-7.4068815624999775,20.244264017210167,0.9274742012756522,26.562491327853262,16.127779859544837,4.700473566376631,-0.0366880582656829,0.0915820288533514,0.1354371362217219,-0.1354856042083016,0.4878467064564764,0.8039922870095109,-2.3614758508170017,2.1477885592632338,252.1143202145652,93885.46014945651,56861.925045289856,14293.26945652174,23
1967,52.96550479347826,30.31412471435689,24.23762742862319,67.03275145063407,0.0126763889486865,0.0001312315242955,0.000894909104999,0.0095437442989583,28.36421804800727,-34.844757201086935,-8.79815708333331,17.095651109601473,-0.0192962854119248,25.204768636784426,16.360046546943703,3.271725639177989,-0.035855631900076,0.066032292161653,0.0870890065255978,-0.0926086453130298,0.9940950141016858,-0.7680938338603261,-2.5748195367871376,1.7111948556919294,394.58543685016303,93417.32911684785,56576.51361141304,14266.725014039856,0
1968,44.1682339423913,31.04569381915761,23.642806271820653,62.627904049365945,0.0117278520759057,0.0001411677453901,0.000902024049274,0.009818250044384,30.447790063405822,-34.87931027173911,-8.396757644927513,18.54310207880437,0.2905108672370652,25.222958736822463,15.904414298276269,3.995570864610869,-0.0339456330345779,0.0952325489888256,0.1175098176098777,-0.1234173909831838,0.747115092744837,-0.2787867567651268,-2.1926263440804616,2.0741285242116034,344.0440439927989,93593.16364130436,56686.78383876812,14299.696175724635,8
1969,51.51744165421196,26.76099954574276,24.397396714750453,67.85235593161232,0.0137542751663949,0.0001370044247907,0.0010673647879596,0.0107436545218297,30.320943473731905,-34.78283270833331,-7.999505317028963,18.65948861865944,-0.1953573936156114,22.1467071148673,13.43843747544837,3.258411904543569,-0.0331483232757042,0.0900526772700769,0.1174836781381082,-0.0704100583580661,0.8919290188203352,2.219864606424638,-1.3400548893861866,2.246386042381205,442.0462464039674,93810.32280344205,56893.21622192029,14408.02710009058,0
1970,43.769091233016304,28.24560860836051,24.340419826132244,64.72105949728261,0.0122760254706068,0.0001553687635253,0.0009740205456191,0.0103630498391304,31.109935326086976,-33.393330837862294,-7.842119021739107,18.809275036231902,0.7963184417407156,28.362860367980076,15.85746084932156,3.8657430528960592,-0.0342574948865729,0.0659153252394338,0.1166340649665534,-0.1041379424308423,0.5622749329131341,1.88279542987586,-1.8367029823754528,2.545699854028125,365.9267224052174,93852.09264492754,56822.26272282608,14350.96202853261,6
1971,55.44390503668478,30.3334709384058,30.244908538405795,70.23915160235508,0.0132081762995471,0.0001663399041188,0.0011925426940724,0.010206778888451,28.427165742753647,-33.404293124999974,-8.658211295289831,17.261854243659442,-0.2865172672504982,19.526517847309783,10.132836328608244,1.649010530024049,-0.0284984111626649,0.0034939103288088,0.0521031841735462,-0.0427069281760869,0.5337262352848733,4.761960838585689,-0.1090992317107789,1.6774010602217573,483.7399356758605,93660.98861413045,56695.20209329711,14366.173139945651,0
1972,41.267063164628624,27.333512208242755,19.919547197002267,65.0415301548913,0.0118743738440217,0.0001195631190382,0.0008098006965828,0.0104513160375905,31.56779961050727,-35.49876537590577,-7.812515153985485,18.909333423913065,0.2249894079385416,22.448075607563407,15.798148573650362,3.592497232932473,-0.0358936752100747,0.1373083867806884,0.1481361940232201,-0.2464593011263496,0.5424542079536775,-2.093985679801605,-3.4848564810540306,2.213572129114991,323.50377997956065,93661.93170289854,56799.951886775365,14321.69529347826,19
1973,48.32138667504529,27.342793956576088,25.369256923491847,64.0479492903306,0.012352298585009,0.0001471631640749,0.0010774021697812,0.0102414012300498,30.40964545742756,-33.413073546195626,-7.534066906702876,19.13417083333336,0.3190908006103261,25.932192663677537,15.012507627883606,3.334628116651404,-0.0314368130223368,0.1156733727330412,0.1215286565534737,-0.0911718623198958,1.0976869896905073,2.0004175585104167,-1.8813480985471016,1.6505817454807516,343.53020225792574,93884.47104619564,56857.37477626812,14312.230316123188,17
1974,56.626289030797096,28.18561618917572,27.325738807065218,70.00284213858696,0.0137409249076539,0.0001549209255167,0.001180010743485,0.0107249943643568,28.77977073822466,-34.3058307427536,-7.915251159420267,18.10840655344205,-0.2493138527879982,22.37455412959828,13.627196386990036,3.038421850858424,-0.0331782327344741,0.0671990193652717,0.072977218178519,-0.0761312022420289,0.6178941594780345,-1.9192665729543776,-2.9192550205669385,1.9781814235565487,334.23420819284416,93642.78206974638,56721.516624094205,14245.739513586956,0
1975,43.15916885615942,22.84584667606884,21.951146493292573,59.85511884692029,0.0116793361811594,0.0001109824919218,0.0008618218598817,0.0098247949970561,31.25491813858698,-33.76092582427534,-8.012062771739108,19.43604936594205,0.7205047038486413,28.49911381990942,16.71104193769882,4.384497985695335,-0.0327238276689463,0.1115724659325543,0.1464678411746965,-0.1064129427795833,0.7964611870282156,0.961399523509058,-1.8305441830709877,2.438063249411232,266.9881454588632,93704.9654981884,56743.41109148551,14261.69961277174,13
1976,40.84537694506341,28.836458700271734,26.24958080125951,54.6407925767663,0.0109073523028532,0.0001339141264368,0.0010371597424397,0.0088685802933423,31.34452232789857,-34.281705199275336,-8.187078387681137,19.36632583786234,1.736717276956386,23.608945115985826,15.507596568055709,5.298975635226902,-0.0275652650227038,0.115660978316173,0.1060857496289936,-0.1391695547885099,1.1585615402015623,-0.570397084575634,-2.328676140195199,1.984685261243388,237.48270927649003,93588.66204710146,56656.39277445652,14226.308164855072,16
1977,51.44732108541667,27.076913520878623,26.51192781560688,67.06359098007246,0.0128782408043931,0.0001230096616829,0.0010347203656644,0.0102565756313858,29.58531974184785,-34.77500515398548,-8.115188577898527,18.22949940670292,0.1276143392042844,25.222503782382248,16.406334317346015,4.071380118121377,-0.0303822703858134,0.0967485211139673,0.1110899173007178,-0.1575367621421693,0.7816440757675454,0.7054295683591486,-1.507024850572917,2.4419071342024816,427.2398994033017,93667.07470108697,56756.56648460145,14358.02551539855,0
1978,46.321680003170286,26.66331964359601,29.42610962128623,62.78336988677536,0.0121950790831974,0.0001259567942146,0.0011949533172595,0.0098807096825181,30.11664967844205,-33.87607332427534,-8.479853980978238,18.251218183876837,1.127260072432509,24.967746557284872,13.682212835416804,3.7234185259175727,-0.025561854441552,0.07269331671774,0.1151554755970289,-0.0601030710842481,1.0515284333409782,-0.0333479812162137,-1.3374292141448825,1.924806401573596,353.86920534673914,93620.10076539856,56666.21086322464,14293.92054076087,5
1979,36.87653657246377,26.50670324696558,22.251480673777174,54.22335168070652,0.011008457204846,0.0001341593448088,0.0009024339488288,0.0090871950701539,32.27601258605075,-33.58914688858693,-7.899754628623166,19.536520788043504,1.7587431213470337,27.572796140471013,16.464919603804347,5.164504337016304,-0.0303186575644202,0.1135690800284166,0.1338139929356521,-0.0620872560025407,0.8067280869199864,1.7926014863475543,-1.783672665223415,2.0527125930384966,340.5603259947917,93829.89555253624,56843.49186413043,14363.779304347829,26
1980,47.58883890307971,26.3029854061404,22.2815255651721,68.16733664492754,0.01264276164923,0.000122238933569,0.0008474296309153,0.0108568979578804,30.66676186594205,-33.54502760869563,-8.39889432065215,18.82180224184785,0.6449396421610054,28.198236530344204,17.10714786861413,4.170312245091531,-0.0320410520955878,0.1063498931749094,0.1181591385327083,-0.1836124088106884,0.9721501127601904,0.989425603313149,-1.1664256227513523,2.0594316013955614,447.6624419420607,93799.6159375,56862.436595108695,14422.157056159422,18
1981,52.92514064175725,32.18511445702446,30.071677501639492,71.25856293025363,0.0130715372510416,0.0001341618509574,0.0011659662657137,0.0102395715014945,28.806020439311617,-35.266790910326066,-8.872259506340557,17.039179048913066,0.5413002905852491,22.391832931709693,12.755166146245925,2.6599860264026267,-0.0336156236702112,0.0675968051584963,0.0454881536107427,-0.0628156108963904,0.9547178861377128,-0.2584494385621829,-0.5321870336229166,1.824427284991001,556.8071615766531,93552.19016757244,56733.63926902174,14444.030389945652,0
1982,43.713054767663046,26.63080590321105,24.388096356748186,63.79825279574275,0.0117725647346014,0.000111130938701,0.0008812505408691,0.0097519739423007,30.52060864583336,-35.21862650815215,-8.736566675724616,18.042006109601477,1.1716407562372737,28.334995817527176,17.7191041548279,5.1001264021686685,-0.0322972345905774,0.1094557031152309,0.133964317379692,-0.1682278766149479,1.0713685080684785,1.2467071450066125,-1.227248318176832,1.845157791361413,501.9793439949502,93588.18633152172,56768.98666485507,14450.95759692029,14
1983,45.60587616105072,31.138597146784424,25.9969875915308,62.91138574252718,0.0114465105021286,0.000130279097324,0.0009785899184506,0.0094512793743206,29.8103077264493,-35.17854469655795,-8.873052898550702,18.042508967391328,1.376871580951961,32.017552693659425,21.027332134465578,5.578777587931703,-0.0321119730007214,0.1431965102220335,0.150736311190899,-0.1517578760960122,0.9767264210239944,-1.36570701600317,-1.811427182434375,1.5459065068963769,464.2485735084964,93534.73363677536,56720.54835235507,14389.20352762681,8
1984,47.38918981046196,20.17291304358243,22.25745898714674,66.00506972124094,0.0126741299643115,0.000113824126884,0.0010464116628224,0.0106951320042119,30.7974983514493,-33.289511965579685,-7.239754737318817,19.11003144021741,0.5767177076209239,25.518336156103352,14.884729089066576,3.5753700167809783,-0.0345837205966397,0.1106148663576992,0.1052221525764402,-0.1535366858132065,0.8651090974159402,0.21718747151798,-2.07351772989197,2.594880422013961,295.7514532661685,93870.38642663044,56838.04166032609,14280.967501358697,12
1985,47.41576117898551,23.882490016231884,21.667644670875,64.1623841897645,0.0127031345427083,0.0001109039164364,0.0009532324875063,0.0103785455647644,30.853882450181185,-34.10011150815215,-6.994267327898528,19.228277173913067,0.5438681326120471,24.508514147758152,16.672905298458787,4.075742694433877,-0.0366182085125652,0.1300144197784782,0.1561019595946585,-0.1946826394241453,0.8383714978565942,-1.5038232710076993,-3.6318930515809775,2.9381397632039854,259.280803908173,93870.17549365942,56828.19321467391,14245.69425634058,13
1986,46.02420310801631,23.15625260135869,26.928179033514493,62.305353160326085,0.0119626938575634,0.000113250346812,0.0009817993440606,0.0095999244562952,30.246760557065244,-33.860125638586936,-8.994019116847802,18.476938437500024,0.9490934741037592,29.0706478035779,18.049958539479167,4.609381967734738,-0.0331267031902638,0.1196915550600729,0.1199962953448487,-0.1388296352118251,0.8511102088284828,1.9086373359469655,-2.350974428167346,2.227094953145879,395.7451466257699,93567.36002717393,56685.46348550725,14345.048680253623,3
1987,45.36166721648551,30.937572038451087,23.26044859429348,64.9711498883605,0.0121386682646739,0.0001310519719465,0.0008206772039773,0.0099351233874094,30.8546563813406,-35.91612825181157,-9.19364690217389,18.42628478260872,0.5099539271542121,23.835302372343747,14.55439167714674,4.168760715788451,-0.0353137375977821,0.0967040371755978,0.1260872717688134,-0.2165270404069112,0.8403699578259058,1.1961452106266892,-1.5073395907766938,2.400063612436259,512.9098231639946,93524.63116847826,56802.8170298913,14480.553673007244,21
1988,50.066076755570656,25.14898160745471,21.228612312939312,65.59184850860507,0.0131319717310235,0.0001348725944692,0.000906667106163,0.0105597798724184,30.26164496376814,-32.43444284420288,-7.19896913949273,18.913310190217416,0.4997823423424212,27.26576621236413,15.825972803836548,4.237484146918479,-0.0353583771391803,0.1050461307916304,0.1032062302581976,-0.1459903234437002,1.1529348623560915,0.9430471256962664,-1.4722870534240942,2.6036478653855526,345.510555829375,93990.46334692028,56837.47492663044,14314.659842391304,13
1989,39.318245222690216,33.943979685235504,27.626310811743657,57.90152564261776,0.010868409648596,0.0001635246351786,0.0011943048783872,0.0092363946967844,31.460364098731905,-33.869636354166644,-7.818400525362295,19.051354311594224,1.3103873193116848,25.955593597628624,16.467296045880886,3.9498740491014495,-0.0359219295341589,0.0962594766862128,0.1467080806913134,-0.1740023573742237,0.7347711191870924,-0.0294251339761322,-1.4559086233989584,2.424280306179574,289.181011320865,93779.11554347826,56762.87098278986,14279.86776222826,34
1990,59.56205770471015,29.02691010928442,27.533986024250453,74.1201153423913,0.0140317257798007,0.0001632649938408,0.0011188067498387,0.010741309800634,27.74903622735509,-33.37313960597824,-8.715333247282587,17.040935502717414,-0.2495660640586503,27.01192528041667,15.628892261122282,3.5504226143373643,-0.0358502036003238,0.040702591698519,0.0406422373135507,-0.1011531213487907,0.6697802343572464,-0.5835221846171802,-1.034914373982201,2.304830857338949,463.0682303047283,93600.32961503624,56646.65113043478,14326.030610960146,3
1991,52.17433454089674,29.34075580919384,23.45486309512681,68.90968385914854,0.0130612756410778,0.000139573551375,0.0009641846510665,0.0107716575514945,29.599077509057995,-34.51113372282607,-7.633430982789832,18.573481417572488,0.3318592576678442,27.466456766440217,16.74193805045036,4.77745454498596,-0.035044037748711,0.1173611896696499,0.1338433356302626,-0.1016141953608922,0.7294799700096105,1.3566913407605523,-1.327402195281943,2.2226427605976133,454.2806725116168,93852.5903804348,56895.21338586957,14395.401226902171,7
1992,42.568910169429344,35.038367272826086,23.544551123505435,58.93909798324275,0.0117426429325634,0.0001519687947968,0.0009360976362531,0.0094374459192028,31.34709715126814,-35.06662477355071,-7.7919744701086735,19.107987056159445,1.7982151759076086,28.149968432070835,19.013848893944747,6.004094163210689,-0.0364638860790824,0.1394336296187681,0.1863908629105299,-0.2165887184742391,1.0199398095135417,-1.1694599136648551,-3.124158883910281,2.4097785382139043,388.4675947455027,93806.5420606884,56873.38098822464,14379.575009510869,13
1993,51.74564457087863,33.70650367758152,30.30525504942482,67.8291382155797,0.0123223566133152,0.0001515860345389,0.0011596459786557,0.0100709213599637,28.66345806612321,-35.01169363677534,-8.713370375905773,17.498313645833356,0.7907417406936594,25.657316352418025,15.90757117777029,4.358670217808424,-0.0334343979375153,0.0977679163521739,0.0780533154283469,-0.0905034715926793,0.4819733989212862,1.2172870863282608,-1.2218709174941575,1.6242112439123642,548.430338741395,93598.31450634058,56768.77165398551,14437.396619565216,6
1994,46.099785286503625,27.3828392057971,23.863370047309783,67.41042807608696,0.01255242071798,0.0001325607343301,0.0009879917546331,0.010601233981567,30.922531037137706,-34.08293690670288,-7.867523668478237,18.745739873188427,0.4508459657119565,27.75961554977355,16.349381999328806,3.692743991062636,-0.0370208871737133,0.113078746266721,0.1567106835455299,-0.229639903646481,0.599816917310326,1.873259208763587,-1.767804296833877,1.96676845960077,429.0940862632926,93847.275932971,56881.21984873188,14408.254115489131,22
1995,39.92993392758152,32.36872603768116,29.046520714628624,60.65742316009964,0.0118190214078351,0.0001794705527998,0.0012928288460412,0.010142313225,32.049129116847844,-33.568231761775344,-7.329275883152152,19.462138808876837,1.5000199030925272,26.257851461825634,16.80743149585643,4.503435217253668,-0.0363858852056947,0.0905330458462273,0.1203384574191118,-0.1782615185535181,0.7119232403332427,3.345527151626993,-1.0015396996822463,2.060219915990059,369.4887237037093,93983.14354166666,56897.80540307971,14390.316907608696,30
1996,44.76971059379529,27.414313772513584,23.054931256317936,63.46513239379529,0.0122193821518568,0.0001323671009787,0.0009641736093383,0.0104525100510869,31.39942732789857,-33.654559248188384,-7.871341204710122,19.571104062500023,1.178185615266925,26.47537409425272,15.78371148621694,5.114066030113904,-0.0339887141977912,0.1204340905202808,0.0938025349867708,-0.2377912512496761,0.7147188599625001,0.8164600914308877,-1.5251485899530344,2.6117037360443844,302.5978930309737,93825.2329347826,56820.74788405797,14312.478441123189,23
1997,51.00019994021739,42.328581057382245,27.09423731467391,69.31116358922101,0.012854984779846,0.0001687771795201,0.0009512897568627,0.0101584848363677,29.300164017210168,-36.29609799818839,-9.179616249999976,17.37492112318843,0.6622219903472826,21.97733553636504,14.437018583188406,3.699089823356295,-0.0338964013224368,0.056380088821336,0.0840566294766213,-0.1649540265455344,0.8002019686894928,0.8966179922608696,-1.488109147949864,1.9832980402731883,538.1286158375,93418.43429347826,56699.22569112319,14445.905793025362,0
1998,52.61946821625906,34.93737929518569,29.58803978081975,73.58255201992753,0.0133314961225996,0.0001777543737316,0.0012491263263944,0.0109199409026721,29.084890461956544,-34.017283070652155,-7.746851979166644,17.345595480072486,0.6837948219959239,27.07039246467844,15.310724028046195,3.3452566931826992,-0.0314897385397667,0.0843201236540573,0.0880541247142481,-0.1062833330348097,0.9910719502643568,-1.7865152242531703,-1.5690094735342843,1.543411420000136,558.0423259128293,93888.89039402174,56891.94356974638,14463.641241394927,7
1999,50.03314013451087,18.784881174981887,20.91313245667391,67.18006146666667,0.0136679261311141,0.0001570208167599,0.0010870183014651,0.0110522167638134,30.65797534873191,-30.464068899456496,-6.108011413043455,19.12231216938408,0.3089323727173913,23.04079872691576,14.133409193533511,3.032882137300498,-0.0334175393144746,0.0677991570547418,0.1069741835141757,-0.1134183335783876,1.1258854517432515,0.125440068251404,-2.370844137377989,2.56591973866952,206.25741711754077,94218.21144474638,56856.61180072464,14194.223819746376,6
2000,51.55747379325181,21.287459586503623,25.83770041423913,67.81868657835145,0.0129923674443387,0.0001543933262819,0.0011897323327246,0.0106405361211956,29.53204165760872,-31.630885253623163,-7.997211648550701,18.36289509057973,0.4099291362494112,28.9397341558904,16.638361592846014,3.5718538605608696,-0.0345209405077255,0.0735892074721594,0.0937330894020267,-0.0899601811599592,1.0447914568711505,2.80014270376058,-1.7619846177095562,2.2642164940227127,334.315820165625,93860.18196105072,56709.10230887681,14269.533082427535,8
2001,46.68421081612318,31.332793073256344,26.999088879347823,64.72743612753624,0.0123008383575634,0.000164050821249,0.0011339474070199,0.0101934114399456,30.300088645833352,-33.79401506793476,-8.480456748188383,18.48184590579712,0.6415928260586631,29.778977867436595,15.49724191525883,3.582515934782428,-0.0327833251710942,0.0618380359914266,0.1065882740108039,-0.1425014266630525,0.9367241792157658,2.8474884065837864,-0.6227613804671649,1.9476931480008155,387.7061949787953,93679.09955615942,56739.71718568841,14342.936263586957,6
2002,59.62004957336957,31.7545857415308,28.41021785175272,76.63046632880435,0.014194485313134,0.0001624746938552,0.0012121085917264,0.0114187333029891,28.172905552536253,-34.29181355978258,-8.17138887681157,17.54080308876814,-0.5795903395198899,22.969808865294382,13.995527084072464,1.9882600743669203,-0.0299522565908725,0.0660007898754529,0.0621021449554347,-0.0751094059223958,0.6312540583875815,-1.9576366880099003,-1.7826731016555255,2.148672740335236,436.7411504402174,93689.79877264492,56760.25485960145,14325.164741847826,0
2003,58.64829409873188,21.53976720111866,20.15302801520833,74.10376158464673,0.0143448480497735,9.57412660115489e-05,0.0007666069565063,0.0110442357072644,28.46760854166669,-33.637819909420266,-8.336487694746355,17.60184316123191,-0.363325589035009,26.649136522047872,17.42431298955163,3.7725055000246375,-0.0318088738960004,0.1145697850409963,0.1156441681813858,-0.084533546336096,0.451495238838562,0.2675775733833785,-2.0105055116125903,2.4117772184673005,504.1415965550951,93753.55970108695,56797.41399094203,14398.266845108696,0
2004,54.618381875,28.76202448217378,26.003585063962863,73.95196661956521,0.0140577173885869,0.0001838750815112,0.0011606765359492,0.0116451286153532,29.762130765398577,-32.640420588768094,-6.761744846014469,18.61326385869568,-0.4711612745056612,23.37599939450634,15.48283464209085,3.212094520752174,-0.0326363176413334,0.0799273337433107,0.0719297932343432,-0.1363962386585552,0.3626181556720244,-0.7727736367400362,-1.6395712598022645,2.559994736847962,362.5998789449728,94072.95485054348,56912.38279981884,14315.282627264492,9
2005,53.82644067957428,30.58414830024909,21.025690514343296,70.74960102807971,0.0137137866434329,0.0001387804527336,0.0007974830641417,0.0109203238359601,29.55031229166669,-34.47869545289853,-8.510043038949254,18.25324492753625,0.106637484900634,27.88041484693388,16.921103809711504,4.539857228064901,-0.0341587343138858,0.0983760391469085,0.1268972453596286,-0.1435449501981974,0.6835162393564085,0.4139245571616848,-1.3654742105582882,2.365633315636413,521.4356873025363,93724.46772644928,56854.80311956522,14456.619725543478,0
2006,47.42589038328804,30.34563543247283,28.704937631544382,65.35623386413043,0.0126947135907608,0.0001739987543482,0.0012037486949035,0.0102279891629529,30.602154311594223,-33.59734894474636,-8.369018836050703,18.658574017210167,0.3821222041041667,26.32548880638587,14.66640035649366,3.1097975479089675,-0.0320043148891343,0.0663788074409284,0.1022566783037092,-0.0963232933727581,0.7840643622956793,0.6749807072493206,-1.5045598920447465,1.987985362061776,421.4744230084375,93772.84532608696,56827.14509692029,14390.644373641304,7
2007,47.692076012907606,22.389641596163045,23.33546919412319,70.20077842844204,0.0130854052291213,0.0001266729905478,0.0009983330976911,0.0109667540259057,30.538104470108717,-32.96337440670288,-7.566467672101426,18.326002726449296,-0.0130402371448568,20.34001910414176,11.369226262928578,2.8169469935058333,-0.0312215625204483,0.0804815637980901,0.1225568694977092,-0.0868478580147581,0.6112611190519656,0.8243710632282155,-1.2842978890804349,1.8987746835978256,453.0147847384511,93997.6190625,56927.24033695652,14417.6890629529,15
2008,52.31370322803442,20.66628474144022,21.584112283152173,71.18303652400363,0.0141465530599184,0.0001251004646009,0.0008969400296648,0.0111711507899003,30.30776899003625,-31.88774385869563,-7.868436802536209,18.581534565217414,-0.3156895298500453,27.620412917255432,15.58102140923913,3.3733816835632924,-0.0338396991844986,0.0768766471056884,0.1678349177609148,-0.1492285246100543,0.7231563081382699,3.191863907244565,-1.4848852858499093,2.304177214868252,339.5948358158605,93885.37222826088,56776.21153713768,14307.702290307972,15
2009,47.68644641394927,27.741624903460146,22.192047003472823,66.17824739923007,0.0128959818736865,0.0001563394470244,0.0009919038965851,0.0104022262743659,30.654590425724663,-33.51765613677534,-7.532493165760847,18.64195758152176,0.1093798094375905,23.90439516025815,14.048864158524458,3.028873832240987,-0.0332053260617504,0.0776578862234583,0.1296788712190443,-0.1020904794721059,0.7345647395597373,1.2141018150788043,-1.276804053633818,2.4378340360910324,388.6281030599366,93903.34369565218,56868.642334239135,14360.072228713769,7
2010,52.841337152853264,29.746174010733693,17.14193224615942,67.82978968025363,0.0144276167864583,0.0001721886004207,0.0008066093871349,0.0116651998405344,30.98975856431161,-33.34042789855071,-6.64630788949273,20.053625674818864,0.2982768181322917,27.345247397513585,17.097623345660782,5.170727333880435,-0.0341481125756263,0.1309727447004347,0.1264706419572916,-0.1979750651446376,0.7385956025987319,-0.9656987423251812,-2.4483935023395835,3.1059416091394927,331.1724812499004,94142.1244972826,57046.09539764493,14351.578713768116,14
2011,53.43021856861413,23.53433949907971,28.542516066856884,69.46445961458333,0.0137252192230978,0.000127301263228,0.0011102117920892,0.0107321184177083,29.611741884057995,-32.74408155797099,-8.364039184782586,18.17434523097829,0.4826586633544565,25.98681578588496,13.94787967495788,4.042448902056703,-0.03146746541261,0.0494673149645516,0.1188568032855462,-0.1240477148149456,0.957122969348614,3.084110870458129,-1.256364516138607,1.986328898960236,452.7685090438406,93798.00301177536,56806.54872101449,14389.464328804346,0
2012,44.718524710371376,21.85642309815217,21.23336107796196,64.02245910552536,0.0124481187512228,0.0001300512126951,0.0008974164577301,0.010191936366576,30.893665199275382,-32.726795969202875,-8.07963697463766,18.6516696014493,0.7114108527712409,26.949927405727355,17.13802515468433,4.470776714376812,-0.0326761543048048,0.117602956424153,0.1523986035627763,-0.1403630265576766,0.8766654747646467,1.2494727413956068,-2.193425664609149,2.064573757566305,368.01497772085145,93848.8041893116,56777.9135326087,14344.000285326088,14
2013,49.218612291213766,29.347619800452897,25.26921642707428,68.32190690760869,0.0128368546730978,0.000151627599872,0.0011273465939057,0.0105921825650362,30.10122835597828,-34.20957269927534,-7.962459071557947,18.35035293931162,0.6108474177281703,25.38275944381268,15.14824371704212,3.192836092293025,-0.0283285396556159,0.0822086091978559,0.0827479845730434,-0.1377948955875724,0.828085194852106,-2.1571042616100544,-1.639971415050136,2.173021951010462,415.6934904766757,93806.25610054348,56846.41991847826,14367.476550724636,12
2014,40.717661828577896,32.529086614538045,23.088124480638587,63.40591710144928,0.01148749275625,0.0001650765120158,0.0009059022911711,0.0098916207122282,31.38819152173916,-34.54815939311592,-8.63337020833331,18.504067318840605,1.4144060981220563,27.37794294089674,15.779744289719204,4.547131578701993,-0.0343419883848913,0.0648987224219157,0.1281190125795969,-0.1767691701703532,0.7834049183733016,3.083138287405734,-0.6656689320138135,1.9281025764638131,524.4068343876585,93748.3864356884,56895.48095380435,14507.145706974638,24
2015,59.674814740942026,35.26050070903985,27.55969171072011,74.6011360825634,0.0143979658301177,0.0001809441323598,0.0010947848897078,0.0110973726295561,28.253955004529008,-33.32886966485505,-7.971682250905774,17.44557208786234,0.4433778925610054,26.19197817611413,15.744449457232792,4.581675103118206,-0.0293552806513614,0.0358748884528507,0.0961968515877264,-0.0635289005882744,0.604130343403057,4.732089110671966,-0.2700773562988424,1.9003421931422555,639.7728835569745,93951.92447463768,56955.83971286232,14530.65810688406,0
2016,55.030854659420285,32.8331314072509,28.31887136277174,73.18771506612319,0.0143413621688405,0.0001648083798505,0.0012333134953115,0.0114950286921648,29.95083434782611,-33.38015068387679,-7.510472486413021,18.609284615036252,0.4585740492076087,28.34224183519021,17.198411871416667,4.7005705920079714,-0.0317831557446562,0.0951543130453306,0.1125700093479166,-0.1519320216584782,0.7571761634504479,-1.356554992912002,-2.2616075164180685,2.042445143025136,463.80658332124096,94026.9674048913,56968.12389945652,14424.913232789855,6
2017,60.19964152717392,22.4225037365308,24.21840116499547,74.46197355253624,0.0144414533959239,0.0001362321764936,0.0010123640470303,0.0110793663257699,28.11292671648553,-32.69039388134056,-7.936853224637659,17.567034352355098,-0.3987883964742753,28.3838368965462,16.958341002836956,3.7770563186372734,-0.0324810380508881,0.1014157620553007,0.1284535727777015,-0.0666339777487454,0.4876235184387952,1.5583120242180253,-1.7124547592413497,2.049683117076902,527.4354094723732,93894.57152626812,56858.27490942029,14412.697348278984,0
2018,58.64672848052537,28.70740425962409,26.875734822957423,75.31538234057972,0.0142551712168025,0.0001477464084943,0.0011047359891032,0.0110421467059329,28.526087789855097,-33.69001740489128,-8.426047871376788,17.41272643568843,-0.3722320784592391,24.09015390654393,13.028685413099186,2.8197656133786237,-0.0323928888212712,0.0625580461412635,0.079553089590471,-0.1087518707077491,0.405587238505009,-1.5867165223744566,-2.086474601868116,2.0737968658054617,565.2203591884058,93800.8428759058,56833.41894655797,14460.27926539855,0
2019,55.96097085778985,22.80811926156703,22.71887165363225,72.3950286553442,0.0140461103536231,0.0001254701636503,0.0009124933462047,0.0109418177220108,28.9232580072464,-32.85359662137679,-7.803959189311572,17.72637086050727,0.4839439395595108,26.89166011023551,16.601586546902173,4.602884429752717,-0.0310422337782654,0.0568983208974012,0.0785068533671874,-0.1136840841449773,0.5338612425348959,1.9301601338277168,-1.9096795775008608,1.928360150409511,572.7506206440218,93965.72141757244,56917.53019112319,14484.141918025363,0
2020,55.734308340126816,35.299589163246374,30.58074832047396,73.84868832563406,0.0133928777172554,0.0001746456209047,0.001263528417314,0.0106009438178894,28.56602077898553,-33.81106762681157,-8.68027081521737,17.039282273550747,0.5211236374706523,28.498154950588766,15.341692268967392,2.9348641559861868,-0.0259107057737182,0.0378600066181793,0.0501786797814266,-0.0678771131183387,0.3678460054606883,1.6533308180634056,-0.4196503101925589,1.713802945854393,642.2579186612319,93808.90816123188,56856.70653351449,14528.524293025364,0
2021,50.1673361879529,31.260752570516303,29.083979609311594,68.28050875769927,0.0132790972619112,0.0002118074540206,0.001358136103745,0.0105212647123188,30.23001198822466,-32.467230588768096,-7.993003097826063,18.21957706068843,0.6975791472929801,25.98574709495634,14.580325580419384,3.837280278015444,-0.0277749801187327,0.0470319311949501,0.0683335704019633,-0.0961937694558559,0.5000261504473216,3.674508855855027,0.0784791598930706,2.2770637299472374,547.1757523042785,94005.70322463768,56918.04070833333,14501.894109601448,3
2022,58.73345606974638,14.992046945608624,21.773462010482923,72.54323461594204,0.0151797862364583,0.0001126513099313,0.0010652705354233,0.0115630758291666,29.557477418478285,-30.09852889039853,-6.145952866847804,18.73976586503625,-0.3620525309772645,22.194839796625907,11.568536116457429,3.0302830579649003,-0.0273240338109547,0.0428423604970018,0.0939538064865307,-0.0635370894091413,0.5669285858266757,0.914995601954076,-0.4040183444214221,2.4639655418045745,421.85676070371375,94424.58111413044,57000.64699547101,14379.141903532607,0
2023,45.54449696422102,34.45030746989583,27.409335289576997,68.20740689990942,0.0121970396783061,0.0001558881948095,0.0010211725361816,0.0102119576476449,30.64776721920292,-33.91313402626809,-8.757015471014471,17.96770998641307,1.2092494692264946,28.73108031263587,15.98591868130344,4.397545910041214,-0.0273682552946349,0.0872866761326997,0.1438322553560145,-0.1517328283020108,0.599222044677432,4.905721690508605,0.1511671636167119,1.7784738409264491,586.8073185667573,93777.67078351448,56872.80247735507,14543.77358740942,26
2024,43.13245741213768,39.8361030924366,30.2918642728442,62.40433934148551,0.0122528620219655,0.000248197157427,0.001374842853523,0.010204093191576,31.63502619112321,-32.48127559782606,-7.349896240942007,19.229433242753643,1.2748764678386977,29.175133863980975,16.50988306027174,4.548780250707881,-0.0267561795020221,0.0658272071642971,0.1074577828678759,-0.1242683140053442,0.6200951845269475,1.0011455109474638,-1.4751790905071558,1.8085349256423917,456.8464059262228,94152.57059782608,57004.24287771739,14464.44309963768,22
2025,53.63548873143116,29.364331890520837,34.794156365625,71.29488184601449,0.0140257567110054,0.0002142701308467,0.0016186633817531,0.0110054552445199,29.80641877264495,-31.558186947463746,-6.9370457518115725,18.150421761775384,0.5868589979309511,25.915019548328804,14.729498367197554,3.553823221315217,-0.0261722025710851,0.0356284086038473,0.084708974024846,-0.0631519401238347,0.6320294368247282,2.4420670271705616,-1.004658080836798,1.900750313843524,477.9233753586956,94187.44470561594,56976.89433786232,14424.811286231885,6
